# BetaShape
# Version: 2.3.1 (12/2023)
# Author: X. Mougeot (xavier.mougeot@cea.fr)
# CEA, LIST, Laboratoire National Henri Becquerel (LNHB), Gif-sur-Yvette F-91191, France
# Please cite: [2023MO21] X. Mougeot, Applied Radiation and Isotopes 201, 111018 (2023)
# 
# Input file: K40.txt
# Neutrino information: no
# 
# parent symbol, Z, A, Jpi, level energy, unc, daughter symbol, Z, A, Jpi, level energy, unc, Q, unc, half-life, unc, unit, transition nature, transition nature used, branching %, unc, log ft, unc, f-value, unc, transition energy, unc, mean energy calc, unc, mean energy exp, unc
K, 19, 40, 4-, 0, 0, Ca, 20, 40, 0+, 0, 0, 1311.07, 0.11, 3.946E16, 9e+13, s, 3U, 3U, 89.21, 0.17, 20.595, 0.0013, 8897, 7, 1311.07, 0.11, 582.968, 0.048, 583.982, 0.048
