# BetaShape
# Version: 2.3.1 (12/2023)
# Author: X. Mougeot (xavier.mougeot@cea.fr)
# CEA, LIST, Laboratoire National Henri Becquerel (LNHB), Gif-sur-Yvette F-91191, France
# Please cite: [2019MO35] X. Mougeot, Applied Radiation and Isotopes 154, 108884 (2019)
# 
# Input file: Pb205.txt
# Neutrino information: no
# 
# parent symbol, Z, A, Jpi, level energy, unc, daughter symbol, Z, A, Jpi, level energy, unc, Q, unc, half-life, unc, unit, transition nature, transition nature used, branching %, unc, log ft, unc, ftot-value, unc, ec branching %, unc, log ft ec, unc, fec-value, unc, ec transition energy, unc, b+ branching %, unc, log ft b+, unc, fb+-value, unc, b+ transition energy, unc, mean energy calc, unc, mean energy exp, unc, EC/b+, value, unc, nb shells, [shell name, relative proba, unc, proba, unc, proba/b+, unc] * nb shells, nb subshells, [subshell name, relative proba, unc, proba, unc, proba/b+, unc] * nb subshells
Pb, 82, 205, 5/2-, 0, 0, Tl, 81, 205, 1/2+, 0, 0, 50.6, 0.5, 5.36E14, 2.8e+13, s, 1U, 1U, 100, , 11.738, 0.027, 0.00102, 3.4e-05, 100, , 11.738, 0.027, 0.00102, 3.4e-05, 50.6, 0.5, , , , , , , , , , , , , EC/b+, , , 5, L, 0.6336, 0.0018, 0.6336, 0.0018, , , M, 0.2697, 0.001, 0.2697, 0.001, , , N, 0.08, 0.0006, 0.08, 0.0006, , , O, 0.01641, 0.00018, 0.01641, 0.00018, , , P, 0.0002415, 4.2e-06, 0.0002415, 4.2e-06, , , 17, PL1, 0.03, 0.0013, 0.03, 0.0013, , , PL2, 0.0025, 0.0002, 0.0025, 0.0002, , , PL3, 0.60113, 0.00033, 0.60113, 0.00033, , , PM1, 0.0215, 0.0006, 0.0215, 0.0006, , , PM2, 0.00187, 0.00012, 0.00187, 0.00012, , , PM3, 0.2445, 0.0017, 0.2445, 0.0017, , , PN1, 0.00766, 0.00016, 0.00766, 0.00016, , , PM4, 0.001878, 1.3e-05, 0.001878, 1.3e-05, , , PN2, 0.000651, 3.8e-05, 0.000651, 3.8e-05, , , PN3, 0.0711, 0.0008, 0.0711, 0.0008, , , PO1, 0.001986, 3.4e-05, 0.001986, 3.4e-05, , , PN4, 0.0005855, 4.4e-06, 0.0005855, 4.4e-06, , , PO2, 0.000153, 8e-06, 0.000153, 8e-06, , , PO3, 0.0142, 0.00022, 0.0142, 0.00022, , , PP1, 0.0002333, 4.2e-06, 0.0002333, 4.2e-06, , , PO4, 6.85e-05, 1e-06, 6.85e-05, 1e-06, , , PP2, 8.21e-06, 2.3e-07, 8.21e-06, 2.3e-07, , 
